ProductName,week_year,sum,week_year_dt
AWC Logo Cap,2021-26,15,2021-06-28
AWC Logo Cap,2021-27,20,2021-07-05
AWC Logo Cap,2021-28,19,2021-07-12
AWC Logo Cap,2021-29,34,2021-07-19
AWC Logo Cap,2021-30,20,2021-07-26
AWC Logo Cap,2021-31,67,2021-08-02
AWC Logo Cap,2021-32,72,2021-08-09
AWC Logo Cap,2021-33,80,2021-08-16
AWC Logo Cap,2021-34,78,2021-08-23
AWC Logo Cap,2021-35,58,2021-08-30
AWC Logo Cap,2021-36,77,2021-09-06
AWC Logo Cap,2021-37,87,2021-09-13
AWC Logo Cap,2021-38,69,2021-09-20
AWC Logo Cap,2021-39,64,2021-09-27
AWC Logo Cap,2021-40,89,2021-10-04
AWC Logo Cap,2021-41,58,2021-10-11
AWC Logo Cap,2021-42,56,2021-10-18
AWC Logo Cap,2021-43,76,2021-10-25
AWC Logo Cap,2021-44,55,2021-11-01
AWC Logo Cap,2021-45,76,2021-11-08
AWC Logo Cap,2021-46,68,2021-11-15
AWC Logo Cap,2021-47,74,2021-11-22
AWC Logo Cap,2021-48,107,2021-11-29
AWC Logo Cap,2021-49,88,2021-12-06
AWC Logo Cap,2021-50,86,2021-12-13
AWC Logo Cap,2021-51,106,2021-12-20
AWC Logo Cap,2021-52,78,2021-12-27
AWC Logo Cap,2022-01,89,2022-01-03
AWC Logo Cap,2022-02,88,2022-01-10
AWC Logo Cap,2022-03,71,2022-01-17
AWC Logo Cap,2022-04,68,2022-01-24
AWC Logo Cap,2022-05,116,2022-01-31
AWC Logo Cap,2022-06,108,2022-02-07
AWC Logo Cap,2022-07,88,2022-02-14
AWC Logo Cap,2022-08,89,2022-02-21
AWC Logo Cap,2022-09,100,2022-02-28
AWC Logo Cap,2022-10,80,2022-03-07
AWC Logo Cap,2022-11,86,2022-03-14
AWC Logo Cap,2022-12,102,2022-03-21
AWC Logo Cap,2022-13,95,2022-03-28
AWC Logo Cap,2022-14,91,2022-04-04
AWC Logo Cap,2022-15,80,2022-04-11
AWC Logo Cap,2022-16,78,2022-04-18
AWC Logo Cap,2022-17,101,2022-04-25
AWC Logo Cap,2022-18,98,2022-05-02
AWC Logo Cap,2022-19,102,2022-05-09
AWC Logo Cap,2022-20,52,2022-05-16
AWC Logo Cap,2022-21,92,2022-05-23
AWC Logo Cap,2022-22,111,2022-05-30
AWC Logo Cap,2022-23,114,2022-06-06
AWC Logo Cap,2022-24,107,2022-06-13
AWC Logo Cap,2022-25,113,2022-06-20
AWC Logo Cap,2022-26,55,2022-06-27
Fender Set - Mountain,2021-26,10,2021-06-28
Fender Set - Mountain,2021-27,22,2021-07-05
Fender Set - Mountain,2021-28,21,2021-07-12
Fender Set - Mountain,2021-29,33,2021-07-19
Fender Set - Mountain,2021-30,21,2021-07-26
Fender Set - Mountain,2021-31,81,2021-08-02
Fender Set - Mountain,2021-32,57,2021-08-09
Fender Set - Mountain,2021-33,69,2021-08-16
Fender Set - Mountain,2021-34,66,2021-08-23
Fender Set - Mountain,2021-35,85,2021-08-30
Fender Set - Mountain,2021-36,77,2021-09-06
Fender Set - Mountain,2021-37,62,2021-09-13
Fender Set - Mountain,2021-38,52,2021-09-20
Fender Set - Mountain,2021-39,57,2021-09-27
Fender Set - Mountain,2021-40,97,2021-10-04
Fender Set - Mountain,2021-41,56,2021-10-11
Fender Set - Mountain,2021-42,85,2021-10-18
Fender Set - Mountain,2021-43,68,2021-10-25
Fender Set - Mountain,2021-44,76,2021-11-01
Fender Set - Mountain,2021-45,72,2021-11-08
Fender Set - Mountain,2021-46,66,2021-11-15
Fender Set - Mountain,2021-47,74,2021-11-22
Fender Set - Mountain,2021-48,83,2021-11-29
Fender Set - Mountain,2021-49,96,2021-12-06
Fender Set - Mountain,2021-50,106,2021-12-13
Fender Set - Mountain,2021-51,90,2021-12-20
Fender Set - Mountain,2021-52,81,2021-12-27
Fender Set - Mountain,2022-01,85,2022-01-03
Fender Set - Mountain,2022-02,88,2022-01-10
Fender Set - Mountain,2022-03,81,2022-01-17
Fender Set - Mountain,2022-04,93,2022-01-24
Fender Set - Mountain,2022-05,75,2022-01-31
Fender Set - Mountain,2022-06,80,2022-02-07
Fender Set - Mountain,2022-07,80,2022-02-14
Fender Set - Mountain,2022-08,57,2022-02-21
Fender Set - Mountain,2022-09,88,2022-02-28
Fender Set - Mountain,2022-10,98,2022-03-07
Fender Set - Mountain,2022-11,69,2022-03-14
Fender Set - Mountain,2022-12,71,2022-03-21
Fender Set - Mountain,2022-13,71,2022-03-28
Fender Set - Mountain,2022-14,76,2022-04-04
Fender Set - Mountain,2022-15,83,2022-04-11
Fender Set - Mountain,2022-16,69,2022-04-18
Fender Set - Mountain,2022-17,97,2022-04-25
Fender Set - Mountain,2022-18,84,2022-05-02
Fender Set - Mountain,2022-19,102,2022-05-09
Fender Set - Mountain,2022-20,111,2022-05-16
Fender Set - Mountain,2022-21,104,2022-05-23
Fender Set - Mountain,2022-22,74,2022-05-30
Fender Set - Mountain,2022-23,131,2022-06-06
Fender Set - Mountain,2022-24,115,2022-06-13
Fender Set - Mountain,2022-25,72,2022-06-20
Fender Set - Mountain,2022-26,43,2022-06-27
ML Mountain Tire,2021-26,1,2021-06-28
ML Mountain Tire,2021-27,4,2021-07-05
ML Mountain Tire,2021-28,2,2021-07-12
ML Mountain Tire,2021-30,12,2021-07-26
ML Mountain Tire,2021-31,37,2021-08-02
ML Mountain Tire,2021-32,44,2021-08-09
ML Mountain Tire,2021-33,44,2021-08-16
ML Mountain Tire,2021-34,36,2021-08-23
ML Mountain Tire,2021-35,56,2021-08-30
ML Mountain Tire,2021-36,46,2021-09-06
ML Mountain Tire,2021-37,42,2021-09-13
ML Mountain Tire,2021-38,33,2021-09-20
ML Mountain Tire,2021-39,60,2021-09-27
ML Mountain Tire,2021-40,42,2021-10-04
ML Mountain Tire,2021-41,46,2021-10-11
ML Mountain Tire,2021-42,49,2021-10-18
ML Mountain Tire,2021-43,24,2021-10-25
ML Mountain Tire,2021-44,46,2021-11-01
ML Mountain Tire,2021-45,37,2021-11-08
ML Mountain Tire,2021-46,46,2021-11-15
ML Mountain Tire,2021-47,46,2021-11-22
ML Mountain Tire,2021-48,55,2021-11-29
ML Mountain Tire,2021-49,57,2021-12-06
ML Mountain Tire,2021-50,49,2021-12-13
ML Mountain Tire,2021-51,39,2021-12-20
ML Mountain Tire,2021-52,53,2021-12-27
ML Mountain Tire,2022-01,42,2022-01-03
ML Mountain Tire,2022-02,60,2022-01-10
ML Mountain Tire,2022-03,43,2022-01-17
ML Mountain Tire,2022-04,39,2022-01-24
ML Mountain Tire,2022-05,38,2022-01-31
ML Mountain Tire,2022-06,43,2022-02-07
ML Mountain Tire,2022-07,47,2022-02-14
ML Mountain Tire,2022-08,37,2022-02-21
ML Mountain Tire,2022-09,46,2022-02-28
ML Mountain Tire,2022-10,45,2022-03-07
ML Mountain Tire,2022-11,50,2022-03-14
ML Mountain Tire,2022-12,51,2022-03-21
ML Mountain Tire,2022-13,64,2022-03-28
ML Mountain Tire,2022-14,40,2022-04-04
ML Mountain Tire,2022-15,43,2022-04-11
ML Mountain Tire,2022-16,40,2022-04-18
ML Mountain Tire,2022-17,36,2022-04-25
ML Mountain Tire,2022-18,28,2022-05-02
ML Mountain Tire,2022-19,42,2022-05-09
ML Mountain Tire,2022-20,40,2022-05-16
ML Mountain Tire,2022-21,44,2022-05-23
ML Mountain Tire,2022-22,25,2022-05-30
ML Mountain Tire,2022-23,57,2022-06-06
ML Mountain Tire,2022-24,36,2022-06-13
ML Mountain Tire,2022-25,47,2022-06-20
ML Mountain Tire,2022-26,30,2022-06-27
Mountain Bottle Cage,2021-26,22,2021-06-28
Mountain Bottle Cage,2021-27,32,2021-07-05
Mountain Bottle Cage,2021-28,16,2021-07-12
Mountain Bottle Cage,2021-29,17,2021-07-19
Mountain Bottle Cage,2021-30,24,2021-07-26
Mountain Bottle Cage,2021-31,84,2021-08-02
Mountain Bottle Cage,2021-32,58,2021-08-09
Mountain Bottle Cage,2021-33,38,2021-08-16
Mountain Bottle Cage,2021-34,73,2021-08-23
Mountain Bottle Cage,2021-35,53,2021-08-30
Mountain Bottle Cage,2021-36,69,2021-09-06
Mountain Bottle Cage,2021-37,80,2021-09-13
Mountain Bottle Cage,2021-38,40,2021-09-20
Mountain Bottle Cage,2021-39,61,2021-09-27
Mountain Bottle Cage,2021-40,96,2021-10-04
Mountain Bottle Cage,2021-41,58,2021-10-11
Mountain Bottle Cage,2021-42,61,2021-10-18
Mountain Bottle Cage,2021-43,43,2021-10-25
Mountain Bottle Cage,2021-44,67,2021-11-01
Mountain Bottle Cage,2021-45,66,2021-11-08
Mountain Bottle Cage,2021-46,62,2021-11-15
Mountain Bottle Cage,2021-47,97,2021-11-22
Mountain Bottle Cage,2021-48,88,2021-11-29
Mountain Bottle Cage,2021-49,96,2021-12-06
Mountain Bottle Cage,2021-50,81,2021-12-13
Mountain Bottle Cage,2021-51,89,2021-12-20
Mountain Bottle Cage,2021-52,64,2021-12-27
Mountain Bottle Cage,2022-01,67,2022-01-03
Mountain Bottle Cage,2022-02,86,2022-01-10
Mountain Bottle Cage,2022-03,75,2022-01-17
Mountain Bottle Cage,2022-04,80,2022-01-24
Mountain Bottle Cage,2022-05,74,2022-01-31
Mountain Bottle Cage,2022-06,114,2022-02-07
Mountain Bottle Cage,2022-07,99,2022-02-14
Mountain Bottle Cage,2022-08,81,2022-02-21
Mountain Bottle Cage,2022-09,82,2022-02-28
Mountain Bottle Cage,2022-10,84,2022-03-07
Mountain Bottle Cage,2022-11,58,2022-03-14
Mountain Bottle Cage,2022-12,95,2022-03-21
Mountain Bottle Cage,2022-13,94,2022-03-28
Mountain Bottle Cage,2022-14,68,2022-04-04
Mountain Bottle Cage,2022-15,60,2022-04-11
Mountain Bottle Cage,2022-16,89,2022-04-18
Mountain Bottle Cage,2022-17,89,2022-04-25
Mountain Bottle Cage,2022-18,102,2022-05-02
Mountain Bottle Cage,2022-19,84,2022-05-09
Mountain Bottle Cage,2022-20,101,2022-05-16
Mountain Bottle Cage,2022-21,60,2022-05-23
Mountain Bottle Cage,2022-22,81,2022-05-30
Mountain Bottle Cage,2022-23,103,2022-06-06
Mountain Bottle Cage,2022-24,99,2022-06-13
Mountain Bottle Cage,2022-25,97,2022-06-20
Mountain Bottle Cage,2022-26,53,2022-06-27
Mountain Tire Tube,2021-26,6,2021-06-28
Mountain Tire Tube,2021-27,7,2021-07-05
Mountain Tire Tube,2021-28,15,2021-07-12
Mountain Tire Tube,2021-29,10,2021-07-19
Mountain Tire Tube,2021-30,24,2021-07-26
Mountain Tire Tube,2021-31,118,2021-08-02
Mountain Tire Tube,2021-32,109,2021-08-09
Mountain Tire Tube,2021-33,116,2021-08-16
Mountain Tire Tube,2021-34,115,2021-08-23
Mountain Tire Tube,2021-35,116,2021-08-30
Mountain Tire Tube,2021-36,113,2021-09-06
Mountain Tire Tube,2021-37,117,2021-09-13
Mountain Tire Tube,2021-38,101,2021-09-20
Mountain Tire Tube,2021-39,141,2021-09-27
Mountain Tire Tube,2021-40,113,2021-10-04
Mountain Tire Tube,2021-41,99,2021-10-11
Mountain Tire Tube,2021-42,114,2021-10-18
Mountain Tire Tube,2021-43,100,2021-10-25
Mountain Tire Tube,2021-44,125,2021-11-01
Mountain Tire Tube,2021-45,115,2021-11-08
Mountain Tire Tube,2021-46,106,2021-11-15
Mountain Tire Tube,2021-47,109,2021-11-22
Mountain Tire Tube,2021-48,109,2021-11-29
Mountain Tire Tube,2021-49,118,2021-12-06
Mountain Tire Tube,2021-50,138,2021-12-13
Mountain Tire Tube,2021-51,104,2021-12-20
Mountain Tire Tube,2021-52,129,2021-12-27
Mountain Tire Tube,2022-01,116,2022-01-03
Mountain Tire Tube,2022-02,131,2022-01-10
Mountain Tire Tube,2022-03,110,2022-01-17
Mountain Tire Tube,2022-04,125,2022-01-24
Mountain Tire Tube,2022-05,113,2022-01-31
Mountain Tire Tube,2022-06,107,2022-02-07
Mountain Tire Tube,2022-07,133,2022-02-14
Mountain Tire Tube,2022-08,119,2022-02-21
Mountain Tire Tube,2022-09,114,2022-02-28
Mountain Tire Tube,2022-10,125,2022-03-07
Mountain Tire Tube,2022-11,91,2022-03-14
Mountain Tire Tube,2022-12,127,2022-03-21
Mountain Tire Tube,2022-13,176,2022-03-28
Mountain Tire Tube,2022-14,100,2022-04-04
Mountain Tire Tube,2022-15,123,2022-04-11
Mountain Tire Tube,2022-16,116,2022-04-18
Mountain Tire Tube,2022-17,120,2022-04-25
Mountain Tire Tube,2022-18,132,2022-05-02
Mountain Tire Tube,2022-19,129,2022-05-09
Mountain Tire Tube,2022-20,78,2022-05-16
Mountain Tire Tube,2022-21,115,2022-05-23
Mountain Tire Tube,2022-22,118,2022-05-30
Mountain Tire Tube,2022-23,152,2022-06-06
Mountain Tire Tube,2022-24,131,2022-06-13
Mountain Tire Tube,2022-25,110,2022-06-20
Mountain Tire Tube,2022-26,80,2022-06-27
Patch Kit/8 Patches,2021-26,10,2021-06-28
Patch Kit/8 Patches,2021-27,26,2021-07-05
Patch Kit/8 Patches,2021-28,14,2021-07-12
Patch Kit/8 Patches,2021-29,26,2021-07-19
Patch Kit/8 Patches,2021-30,41,2021-07-26
Patch Kit/8 Patches,2021-31,99,2021-08-02
Patch Kit/8 Patches,2021-32,129,2021-08-09
Patch Kit/8 Patches,2021-33,111,2021-08-16
Patch Kit/8 Patches,2021-34,104,2021-08-23
Patch Kit/8 Patches,2021-35,94,2021-08-30
Patch Kit/8 Patches,2021-36,103,2021-09-06
Patch Kit/8 Patches,2021-37,115,2021-09-13
Patch Kit/8 Patches,2021-38,103,2021-09-20
Patch Kit/8 Patches,2021-39,101,2021-09-27
Patch Kit/8 Patches,2021-40,137,2021-10-04
Patch Kit/8 Patches,2021-41,120,2021-10-11
Patch Kit/8 Patches,2021-42,114,2021-10-18
Patch Kit/8 Patches,2021-43,109,2021-10-25
Patch Kit/8 Patches,2021-44,125,2021-11-01
Patch Kit/8 Patches,2021-45,94,2021-11-08
Patch Kit/8 Patches,2021-46,100,2021-11-15
Patch Kit/8 Patches,2021-47,140,2021-11-22
Patch Kit/8 Patches,2021-48,133,2021-11-29
Patch Kit/8 Patches,2021-49,125,2021-12-06
Patch Kit/8 Patches,2021-50,151,2021-12-13
Patch Kit/8 Patches,2021-51,111,2021-12-20
Patch Kit/8 Patches,2021-52,133,2021-12-27
Patch Kit/8 Patches,2022-01,141,2022-01-03
Patch Kit/8 Patches,2022-02,116,2022-01-10
Patch Kit/8 Patches,2022-03,128,2022-01-17
Patch Kit/8 Patches,2022-04,105,2022-01-24
Patch Kit/8 Patches,2022-05,107,2022-01-31
Patch Kit/8 Patches,2022-06,107,2022-02-07
Patch Kit/8 Patches,2022-07,166,2022-02-14
Patch Kit/8 Patches,2022-08,119,2022-02-21
Patch Kit/8 Patches,2022-09,121,2022-02-28
Patch Kit/8 Patches,2022-10,107,2022-03-07
Patch Kit/8 Patches,2022-11,129,2022-03-14
Patch Kit/8 Patches,2022-12,117,2022-03-21
Patch Kit/8 Patches,2022-13,123,2022-03-28
Patch Kit/8 Patches,2022-14,138,2022-04-04
Patch Kit/8 Patches,2022-15,115,2022-04-11
Patch Kit/8 Patches,2022-16,137,2022-04-18
Patch Kit/8 Patches,2022-17,148,2022-04-25
Patch Kit/8 Patches,2022-18,168,2022-05-02
Patch Kit/8 Patches,2022-19,138,2022-05-09
Patch Kit/8 Patches,2022-20,129,2022-05-16
Patch Kit/8 Patches,2022-21,107,2022-05-23
Patch Kit/8 Patches,2022-22,104,2022-05-30
Patch Kit/8 Patches,2022-23,117,2022-06-06
Patch Kit/8 Patches,2022-24,119,2022-06-13
Patch Kit/8 Patches,2022-25,149,2022-06-20
Patch Kit/8 Patches,2022-26,75,2022-06-27
Road Bottle Cage,2021-26,17,2021-06-28
Road Bottle Cage,2021-27,31,2021-07-05
Road Bottle Cage,2021-28,21,2021-07-12
Road Bottle Cage,2021-29,48,2021-07-19
Road Bottle Cage,2021-30,38,2021-07-26
Road Bottle Cage,2021-31,37,2021-08-02
Road Bottle Cage,2021-32,53,2021-08-09
Road Bottle Cage,2021-33,47,2021-08-16
Road Bottle Cage,2021-34,47,2021-08-23
Road Bottle Cage,2021-35,58,2021-08-30
Road Bottle Cage,2021-36,34,2021-09-06
Road Bottle Cage,2021-37,58,2021-09-13
Road Bottle Cage,2021-38,50,2021-09-20
Road Bottle Cage,2021-39,51,2021-09-27
Road Bottle Cage,2021-40,62,2021-10-04
Road Bottle Cage,2021-41,59,2021-10-11
Road Bottle Cage,2021-42,52,2021-10-18
Road Bottle Cage,2021-43,46,2021-10-25
Road Bottle Cage,2021-44,57,2021-11-01
Road Bottle Cage,2021-45,40,2021-11-08
Road Bottle Cage,2021-46,49,2021-11-15
Road Bottle Cage,2021-47,54,2021-11-22
Road Bottle Cage,2021-48,94,2021-11-29
Road Bottle Cage,2021-49,79,2021-12-06
Road Bottle Cage,2021-50,68,2021-12-13
Road Bottle Cage,2021-51,78,2021-12-20
Road Bottle Cage,2021-52,74,2021-12-27
Road Bottle Cage,2022-01,51,2022-01-03
Road Bottle Cage,2022-02,63,2022-01-10
Road Bottle Cage,2022-03,68,2022-01-17
Road Bottle Cage,2022-04,61,2022-01-24
Road Bottle Cage,2022-05,84,2022-01-31
Road Bottle Cage,2022-06,63,2022-02-07
Road Bottle Cage,2022-07,79,2022-02-14
Road Bottle Cage,2022-08,65,2022-02-21
Road Bottle Cage,2022-09,81,2022-02-28
Road Bottle Cage,2022-10,68,2022-03-07
Road Bottle Cage,2022-11,77,2022-03-14
Road Bottle Cage,2022-12,72,2022-03-21
Road Bottle Cage,2022-13,77,2022-03-28
Road Bottle Cage,2022-14,83,2022-04-04
Road Bottle Cage,2022-15,66,2022-04-11
Road Bottle Cage,2022-16,91,2022-04-18
Road Bottle Cage,2022-17,93,2022-04-25
Road Bottle Cage,2022-18,67,2022-05-02
Road Bottle Cage,2022-19,65,2022-05-09
Road Bottle Cage,2022-20,65,2022-05-16
Road Bottle Cage,2022-21,93,2022-05-23
Road Bottle Cage,2022-22,87,2022-05-30
Road Bottle Cage,2022-23,89,2022-06-06
Road Bottle Cage,2022-24,79,2022-06-13
Road Bottle Cage,2022-25,86,2022-06-20
Road Bottle Cage,2022-26,54,2022-06-27
Road Tire Tube,2021-26,15,2021-06-28
Road Tire Tube,2021-27,19,2021-07-05
Road Tire Tube,2021-28,12,2021-07-12
Road Tire Tube,2021-29,15,2021-07-19
Road Tire Tube,2021-30,34,2021-07-26
Road Tire Tube,2021-31,72,2021-08-02
Road Tire Tube,2021-32,70,2021-08-09
Road Tire Tube,2021-33,83,2021-08-16
Road Tire Tube,2021-34,100,2021-08-23
Road Tire Tube,2021-35,85,2021-08-30
Road Tire Tube,2021-36,78,2021-09-06
Road Tire Tube,2021-37,89,2021-09-13
Road Tire Tube,2021-38,77,2021-09-20
Road Tire Tube,2021-39,89,2021-09-27
Road Tire Tube,2021-40,99,2021-10-04
Road Tire Tube,2021-41,68,2021-10-11
Road Tire Tube,2021-42,97,2021-10-18
Road Tire Tube,2021-43,82,2021-10-25
Road Tire Tube,2021-44,91,2021-11-01
Road Tire Tube,2021-45,52,2021-11-08
Road Tire Tube,2021-46,100,2021-11-15
Road Tire Tube,2021-47,98,2021-11-22
Road Tire Tube,2021-48,77,2021-11-29
Road Tire Tube,2021-49,94,2021-12-06
Road Tire Tube,2021-50,95,2021-12-13
Road Tire Tube,2021-51,84,2021-12-20
Road Tire Tube,2021-52,88,2021-12-27
Road Tire Tube,2022-01,98,2022-01-03
Road Tire Tube,2022-02,91,2022-01-10
Road Tire Tube,2022-03,96,2022-01-17
Road Tire Tube,2022-04,112,2022-01-24
Road Tire Tube,2022-05,86,2022-01-31
Road Tire Tube,2022-06,93,2022-02-07
Road Tire Tube,2022-07,99,2022-02-14
Road Tire Tube,2022-08,81,2022-02-21
Road Tire Tube,2022-09,97,2022-02-28
Road Tire Tube,2022-10,94,2022-03-07
Road Tire Tube,2022-11,57,2022-03-14
Road Tire Tube,2022-12,74,2022-03-21
Road Tire Tube,2022-13,97,2022-03-28
Road Tire Tube,2022-14,101,2022-04-04
Road Tire Tube,2022-15,90,2022-04-11
Road Tire Tube,2022-16,107,2022-04-18
Road Tire Tube,2022-17,75,2022-04-25
Road Tire Tube,2022-18,108,2022-05-02
Road Tire Tube,2022-19,80,2022-05-09
Road Tire Tube,2022-20,92,2022-05-16
Road Tire Tube,2022-21,90,2022-05-23
Road Tire Tube,2022-22,77,2022-05-30
Road Tire Tube,2022-23,88,2022-06-06
Road Tire Tube,2022-24,91,2022-06-13
Road Tire Tube,2022-25,136,2022-06-20
Road Tire Tube,2022-26,54,2022-06-27
Touring Tire Tube,2021-26,3,2021-06-28
Touring Tire Tube,2021-27,4,2021-07-05
Touring Tire Tube,2021-28,4,2021-07-12
Touring Tire Tube,2021-29,3,2021-07-19
Touring Tire Tube,2021-30,7,2021-07-26
Touring Tire Tube,2021-31,48,2021-08-02
Touring Tire Tube,2021-32,39,2021-08-09
Touring Tire Tube,2021-33,36,2021-08-16
Touring Tire Tube,2021-34,52,2021-08-23
Touring Tire Tube,2021-35,38,2021-08-30
Touring Tire Tube,2021-36,38,2021-09-06
Touring Tire Tube,2021-37,54,2021-09-13
Touring Tire Tube,2021-38,48,2021-09-20
Touring Tire Tube,2021-39,58,2021-09-27
Touring Tire Tube,2021-40,58,2021-10-04
Touring Tire Tube,2021-41,60,2021-10-11
Touring Tire Tube,2021-42,46,2021-10-18
Touring Tire Tube,2021-43,65,2021-10-25
Touring Tire Tube,2021-44,41,2021-11-01
Touring Tire Tube,2021-45,78,2021-11-08
Touring Tire Tube,2021-46,54,2021-11-15
Touring Tire Tube,2021-47,54,2021-11-22
Touring Tire Tube,2021-48,65,2021-11-29
Touring Tire Tube,2021-49,67,2021-12-06
Touring Tire Tube,2021-50,54,2021-12-13
Touring Tire Tube,2021-51,52,2021-12-20
Touring Tire Tube,2021-52,52,2021-12-27
Touring Tire Tube,2022-01,52,2022-01-03
Touring Tire Tube,2022-02,40,2022-01-10
Touring Tire Tube,2022-03,63,2022-01-17
Touring Tire Tube,2022-04,49,2022-01-24
Touring Tire Tube,2022-05,69,2022-01-31
Touring Tire Tube,2022-06,45,2022-02-07
Touring Tire Tube,2022-07,59,2022-02-14
Touring Tire Tube,2022-08,41,2022-02-21
Touring Tire Tube,2022-09,63,2022-02-28
Touring Tire Tube,2022-10,65,2022-03-07
Touring Tire Tube,2022-11,68,2022-03-14
Touring Tire Tube,2022-12,52,2022-03-21
Touring Tire Tube,2022-13,48,2022-03-28
Touring Tire Tube,2022-14,56,2022-04-04
Touring Tire Tube,2022-15,67,2022-04-11
Touring Tire Tube,2022-16,79,2022-04-18
Touring Tire Tube,2022-17,79,2022-04-25
Touring Tire Tube,2022-18,66,2022-05-02
Touring Tire Tube,2022-19,81,2022-05-09
Touring Tire Tube,2022-20,68,2022-05-16
Touring Tire Tube,2022-21,61,2022-05-23
Touring Tire Tube,2022-22,69,2022-05-30
Touring Tire Tube,2022-23,51,2022-06-06
Touring Tire Tube,2022-24,58,2022-06-13
Touring Tire Tube,2022-25,78,2022-06-20
Touring Tire Tube,2022-26,35,2022-06-27
Water Bottle - 30 oz.,2021-26,33,2021-06-28
Water Bottle - 30 oz.,2021-27,49,2021-07-05
Water Bottle - 30 oz.,2021-28,39,2021-07-12
Water Bottle - 30 oz.,2021-29,57,2021-07-19
Water Bottle - 30 oz.,2021-30,50,2021-07-26
Water Bottle - 30 oz.,2021-31,153,2021-08-02
Water Bottle - 30 oz.,2021-32,134,2021-08-09
Water Bottle - 30 oz.,2021-33,116,2021-08-16
Water Bottle - 30 oz.,2021-34,136,2021-08-23
Water Bottle - 30 oz.,2021-35,140,2021-08-30
Water Bottle - 30 oz.,2021-36,132,2021-09-06
Water Bottle - 30 oz.,2021-37,163,2021-09-13
Water Bottle - 30 oz.,2021-38,137,2021-09-20
Water Bottle - 30 oz.,2021-39,129,2021-09-27
Water Bottle - 30 oz.,2021-40,176,2021-10-04
Water Bottle - 30 oz.,2021-41,144,2021-10-11
Water Bottle - 30 oz.,2021-42,131,2021-10-18
Water Bottle - 30 oz.,2021-43,120,2021-10-25
Water Bottle - 30 oz.,2021-44,155,2021-11-01
Water Bottle - 30 oz.,2021-45,111,2021-11-08
Water Bottle - 30 oz.,2021-46,123,2021-11-15
Water Bottle - 30 oz.,2021-47,143,2021-11-22
Water Bottle - 30 oz.,2021-48,185,2021-11-29
Water Bottle - 30 oz.,2021-49,178,2021-12-06
Water Bottle - 30 oz.,2021-50,166,2021-12-13
Water Bottle - 30 oz.,2021-51,166,2021-12-20
Water Bottle - 30 oz.,2021-52,175,2021-12-27
Water Bottle - 30 oz.,2022-01,132,2022-01-03
Water Bottle - 30 oz.,2022-02,181,2022-01-10
Water Bottle - 30 oz.,2022-03,146,2022-01-17
Water Bottle - 30 oz.,2022-04,167,2022-01-24
Water Bottle - 30 oz.,2022-05,187,2022-01-31
Water Bottle - 30 oz.,2022-06,191,2022-02-07
Water Bottle - 30 oz.,2022-07,192,2022-02-14
Water Bottle - 30 oz.,2022-08,158,2022-02-21
Water Bottle - 30 oz.,2022-09,195,2022-02-28
Water Bottle - 30 oz.,2022-10,180,2022-03-07
Water Bottle - 30 oz.,2022-11,157,2022-03-14
Water Bottle - 30 oz.,2022-12,179,2022-03-21
Water Bottle - 30 oz.,2022-13,180,2022-03-28
Water Bottle - 30 oz.,2022-14,170,2022-04-04
Water Bottle - 30 oz.,2022-15,156,2022-04-11
Water Bottle - 30 oz.,2022-16,198,2022-04-18
Water Bottle - 30 oz.,2022-17,194,2022-04-25
Water Bottle - 30 oz.,2022-18,177,2022-05-02
Water Bottle - 30 oz.,2022-19,181,2022-05-09
Water Bottle - 30 oz.,2022-20,169,2022-05-16
Water Bottle - 30 oz.,2022-21,170,2022-05-23
Water Bottle - 30 oz.,2022-22,164,2022-05-30
Water Bottle - 30 oz.,2022-23,220,2022-06-06
Water Bottle - 30 oz.,2022-24,178,2022-06-13
Water Bottle - 30 oz.,2022-25,195,2022-06-20
